Workbook

Sheet 1枚目
A1: 提出期限：令和8年10月20日
A2: 令和８年台風第25号に係る茨城県農林漁業災害対策特別措置条例に基づく調査票
A4: １ 氏名、連絡先
A5: 氏名 | B5: 有限会社さしま農場
A6: 連絡先 | B6: （住所）〒306-0505 茨城県坂東市菅谷1388-1
B7: （TEL）0280-88-0943 | E7: （FAX）0280-88-0852
B8: （E-mail）t.numajiri@gmail.com
A11: ２ 被災農地、面積、対応等
A12: 圃場地番 | B12: 面積（a） | C12: うち被害 面積（a） | D12: 被災割合 | E12: 作物名 | F12: 対応内容 | G12: 対応経費
A13: 境町山崎前新田 1996 | B13: 45 | C13: =ROUND(B13*D13/100,1) -> 22.5 | D13: 50 | E13: キャベツ | F13: ①樹草勢回復肥料購入 | G13: 9 | H13: 円
A14: 境町内門下新田 福原 883-1 | B14: 8 | C14: =ROUND(B14*D14/100,1) -> 5.6 | D14: 70 | E14: キャベツ | F14: ①樹草勢回復肥料購入 | G14: 2 | H14: 円
A15: 〃 882 | B15: 13 | C15: =ROUND(B15*D15/100,1) -> 9.1 | D15: 70 | E15: キャベツ | F15: ①樹草勢回復肥料購入 | G15: 2 | H15: 円
A16: 境町内門下新田 898-1 | B16: 20 | C16: =ROUND(B16*D16/100,1) -> 4 | D16: 20 | E16: キャベツ | F16: ①樹草勢回復肥料購入 | G16: 4 | H16: 円
A17: 境町香取山東 1008-1 | B17: 10 | C17: =ROUND(B17*D17/100,1) -> 1 | D17: 10 | E17: キャベツ | F17: ①樹草勢回復肥料購入 | G17: 2 | H17: 円
A18: 〃 992-1 | B18: 33 | C18: =ROUND(B18*D18/100,1) -> 3.3 | D18: 10 | E18: キャベツ | F18: ①樹草勢回復肥料購入 | G18: 6 | H18: 円
A19: 境町大歩宮東 1861 | B19: 48 | C19: =ROUND(B19*D19/100,1) -> 24 | D19: 50 | E19: キャベツ | F19: ①樹草勢回復肥料購入 | G19: 11 | H19: 円
A20: 境町大歩新橋 1925-1, 2301 | B20: 30 | C20: =ROUND(B20*D20/100,1) -> 9 | D20: 30 | E20: キャベツ | F20: ①樹草勢回復肥料購入 | G20: 10 | H20: 円
A21: 境町大歩新橋 1924-1 | B21: 15 | C21: =ROUND(B21*D21/100,1) -> 7.5 | D21: 50 | E21: キャベツ | F21: ①樹草勢回復肥料購入 | G21: 3 | H21: 円
A22: 〃 1926-1 | B22: 11 | C22: =ROUND(B22*D22/100,1) -> 5.5 | D22: 50 | E22: キャベツ | F22: ①樹草勢回復肥料購入 | G22: 2 | H22: 円
A23: 境町大歩 1932-1, 1836-1 | B23: 24 | C23: =ROUND(B23*D23/100,1) -> 12 | D23: 50 | E23: キャベツ | F23: ①樹草勢回復肥料購入 | G23: 5 | H23: 円
A24: 境町大歩 重田台 1991-1 | B24: 14 | C24: =ROUND(B24*D24/100,1) -> 4.2 | D24: 30 | E24: キャベツ | F24: ①樹草勢回復肥料購入 | G24: 6 | H24: 円

Sheet 2枚目
A1: 提出期限：令和8年10月20日
A2: 令和８年台風第25号に係る茨城県農林漁業災害対策特別措置条例に基づく調査票
A4: １ 氏名、連絡先
A5: 氏名 | B5: 有限会社さしま農場
A6: 連絡先 | B6: （住所）〒306-0505 茨城県坂東市菅谷1388-1
B7: （TEL）0280-88-0943 | E7: （FAX）0280-88-0852
B8: （E-mail）t.numajiri@gmail.com
A11: ２ 被災農地、面積、対応等
A12: 圃場地番 | B12: 面積（a） | C12: うち被害 面積（a） | D12: 被災割合 | E12: 作物名 | F12: 対応内容 | G12: 対応経費
A13: 境町大歩 重田台 2006-1 | B13: 7 | C13: =ROUND(B13*D13/100,1) -> 2.1 | D13: 30 | E13: キャベツ | F13: ①樹草勢回復肥料購入 | G13: 3 | H13: 円
A14: 〃 2006-7 | B14: 5 | C14: =ROUND(B14*D14/100,1) -> 1.5 | D14: 30 | E14: キャベツ | F14: ①樹草勢回復肥料購入 | G14: 3 | H14: 円
A15: 〃 2008-1 | B15: 10 | C15: =ROUND(B15*D15/100,1) -> 3 | D15: 30 | E15: キャベツ | F15: ①樹草勢回復肥料購入 | G15: 6 | H15: 円
A16: 〃 2008-2 | B16: 22 | C16: =ROUND(B16*D16/100,1) -> 6.6 | D16: 30 | E16: キャベツ | F16: ①樹草勢回復肥料購入 | G16: 10 | H16: 円
A17: 〃 2004-1 | B17: 6 | C17: =ROUND(B17*D17/100,1) -> 1.8 | D17: 30 | E17: キャベツ | F17: ①樹草勢回復肥料購入 | G17: 2 | H17: 円
A18: 〃 2003-1 | B18: 18 | C18: =ROUND(B18*D18/100,1) -> 5.4 | D18: 30 | E18: キャベツ | F18: ①樹草勢回復肥料購入 | G18: 4 | H18: 円
A19: 〃 2002-1 | B19: 24 | C19: =ROUND(B19*D19/100,1) -> 7.2 | D19: 30 | E19: キャベツ | F19: ①樹草勢回復肥料購入 | G19: 6 | H19: 円
A20: 〃 1994 | B20: 22 | C20: =ROUND(B20*D20/100,1) -> 11 | D20: 50 | E20: キャベツ | F20: ①樹草勢回復肥料購入 | G20: 9 | H20: 円
A21: 〃 1989-1 | B21: 16 | C21: =ROUND(B21*D21/100,1) -> 11.2 | D21: 70 | E21: キャベツ | F21: ①樹草勢回復肥料購入 | G21: 3 | H21: 円
A22: 〃 1988 | B22: 9 | C22: =ROUND(B22*D22/100,1) -> 6.3 | D22: 70 | E22: キャベツ | F22: ①樹草勢回復肥料購入 | G22: 2 | H22: 円
A23: 〃 1989 | B23: 10 | C23: =ROUND(B23*D23/100,1) -> 7 | D23: 70 | E23: キャベツ | F23: ①樹草勢回復肥料購入 | G23: 2 | H23: 円
A24: 〃 1986 | B24: 13 | C24: =ROUND(B24*D24/100,1) -> 9.1 | D24: 70 | E24: キャベツ | F24: ①樹草勢回復肥料購入 | G24: 3 | H24: 円

Sheet 3枚目
A1: 提出期限：令和8年10月20日
A2: 令和８年台風第25号に係る茨城県農林漁業災害対策特別措置条例に基づく調査票
A4: １ 氏名、連絡先
A5: 氏名 | B5: 有限会社さしま農場
A6: 連絡先 | B6: （住所）〒306-0505 茨城県坂東市菅谷1388-1
B7: （TEL）0280-88-0943 | E7: （FAX）0280-88-0852
B8: （E-mail）t.numajiri@gmail.com
A11: ２ 被災農地、面積、対応等
A12: 圃場地番 | B12: 面積（a） | C12: うち被害 面積（a） | D12: 被災割合 | E12: 作物名 | F12: 対応内容 | G12: 対応経費
A13: 境町大歩 高水道南 437-2 | B13: 21 | C13: =ROUND(B13*D13/100,1) -> 6.3 | D13: 30 | E13: キャベツ | F13: ①樹草勢回復肥料購入 | G13: 5 | H13: 円
A14: 〃 437-3 | B14: 71 | C14: =ROUND(B14*D14/100,1) -> 21.3 | D14: 30 | E14: キャベツ | F14: ①樹草勢回復肥料購入 | G14: 29 | H14: 円
A15: 〃 432-1 | B15: 28 | C15: =ROUND(B15*D15/100,1) -> 8.4 | D15: 30 | E15: 白菜 | F15: ①樹草勢回復肥料購入 | G15: 5 | H15: 円
A16: 〃 432-2 | B16: 9 | C16: =ROUND(B16*D16/100,1) -> 2.7 | D16: 30 | E16: 白菜 | F16: ①樹草勢回復肥料購入 | G16: 2 | H16: 円
A17: 〃 432-3 | B17: 4 | C17: =ROUND(B17*D17/100,1) -> 1.2 | D17: 30 | E17: 白菜 | F17: ①樹草勢回復肥料購入 | G17: 1 | H17: 円
A18: 〃 431 | B18: 1 | C18: =ROUND(B18*D18/100,1) -> 0.3 | D18: 30 | E18: 白菜 | F18: ①樹草勢回復肥料購入 | G18: 1 | H18: 円
A19: 〃 427-1 | B19: 27 | C19: =ROUND(B19*D19/100,1) -> 8.1 | D19: 30 | E19: 白菜 | F19: ①樹草勢回復肥料購入 | G19: 5 | H19: 円
A20: 境町大歩新橋 1911-1 | B20: 10 | C20: =ROUND(B20*D20/100,1) -> 3 | D20: 30 | E20: 白菜 | F20: ①樹草勢回復肥料購入 | G20: 2 | H20: 円
H21: 円
H22: 円
H23: 円
H24: 円

Sheet 一覧
A1: 枚目 | B1: 圃場地番 | C1: 面積（a） | D1: うち被害面積（a） | E1: 被災割合（%） | F1: 作物名 | G1: 対応内容 | H1: 対応経費（円）
A2: 1 | B2: =1枚目!A13 -> 境町山崎前新田 1996 | C2: =1枚目!B13 -> 45 | D2: =1枚目!C13 -> 22.5 | E2: =1枚目!D13 -> 50 | F2: =1枚目!E13 -> キャベツ | G2: =1枚目!F13 -> ①樹草勢回復肥料購入 | H2: =1枚目!G13 -> 9
A3: 1 | B3: =1枚目!A14 -> 境町内門下新田 福原 883-1 | C3: =1枚目!B14 -> 8 | D3: =1枚目!C14 -> 5.6 | E3: =1枚目!D14 -> 70 | F3: =1枚目!E14 -> キャベツ | G3: =1枚目!F14 -> ①樹草勢回復肥料購入 | H3: =1枚目!G14 -> 2
A4: 1 | B4: =1枚目!A15 -> 〃 882 | C4: =1枚目!B15 -> 13 | D4: =1枚目!C15 -> 9.1 | E4: =1枚目!D15 -> 70 | F4: =1枚目!E15 -> キャベツ | G4: =1枚目!F15 -> ①樹草勢回復肥料購入 | H4: =1枚目!G15 -> 2
A5: 1 | B5: =1枚目!A16 -> 境町内門下新田 898-1 | C5: =1枚目!B16 -> 20 | D5: =1枚目!C16 -> 4 | E5: =1枚目!D16 -> 20 | F5: =1枚目!E16 -> キャベツ | G5: =1枚目!F16 -> ①樹草勢回復肥料購入 | H5: =1枚目!G16 -> 4
A6: 1 | B6: =1枚目!A17 -> 境町香取山東 1008-1 | C6: =1枚目!B17 -> 10 | D6: =1枚目!C17 -> 1 | E6: =1枚目!D17 -> 10 | F6: =1枚目!E17 -> キャベツ | G6: =1枚目!F17 -> ①樹草勢回復肥料購入 | H6: =1枚目!G17 -> 2
A7: 1 | B7: =1枚目!A18 -> 〃 992-1 | C7: =1枚目!B18 -> 33 | D7: =1枚目!C18 -> 3.3 | E7: =1枚目!D18 -> 10 | F7: =1枚目!E18 -> キャベツ | G7: =1枚目!F18 -> ①樹草勢回復肥料購入 | H7: =1枚目!G18 -> 6
A8: 1 | B8: =1枚目!A19 -> 境町大歩宮東 1861 | C8: =1枚目!B19 -> 48 | D8: =1枚目!C19 -> 24 | E8: =1枚目!D19 -> 50 | F8: =1枚目!E19 -> キャベツ | G8: =1枚目!F19 -> ①樹草勢回復肥料購入 | H8: =1枚目!G19 -> 11
A9: 1 | B9: =1枚目!A20 -> 境町大歩新橋 1925-1, 2301 | C9: =1枚目!B20 -> 30 | D9: =1枚目!C20 -> 9 | E9: =1枚目!D20 -> 30 | F9: =1枚目!E20 -> キャベツ | G9: =1枚目!F20 -> ①樹草勢回復肥料購入 | H9: =1枚目!G20 -> 10
A10: 1 | B10: =1枚目!A21 -> 境町大歩新橋 1924-1 | C10: =1枚目!B21 -> 15 | D10: =1枚目!C21 -> 7.5 | E10: =1枚目!D21 -> 50 | F10: =1枚目!E21 -> キャベツ | G10: =1枚目!F21 -> ①樹草勢回復肥料購入 | H10: =1枚目!G21 -> 3
A11: 1 | B11: =1枚目!A22 -> 〃 1926-1 | C11: =1枚目!B22 -> 11 | D11: =1枚目!C22 -> 5.5 | E11: =1枚目!D22 -> 50 | F11: =1枚目!E22 -> キャベツ | G11: =1枚目!F22 -> ①樹草勢回復肥料購入 | H11: =1枚目!G22 -> 2
A12: 1 | B12: =1枚目!A23 -> 境町大歩 1932-1, 1836-1 | C12: =1枚目!B23 -> 24 | D12: =1枚目!C23 -> 12 | E12: =1枚目!D23 -> 50 | F12: =1枚目!E23 -> キャベツ | G12: =1枚目!F23 -> ①樹草勢回復肥料購入 | H12: =1枚目!G23 -> 5
A13: 1 | B13: =1枚目!A24 -> 境町大歩 重田台 1991-1 | C13: =1枚目!B24 -> 14 | D13: =1枚目!C24 -> 4.2 | E13: =1枚目!D24 -> 30 | F13: =1枚目!E24 -> キャベツ | G13: =1枚目!F24 -> ①樹草勢回復肥料購入 | H13: =1枚目!G24 -> 6
A14: 2 | B14: =2枚目!A13 -> 境町大歩 重田台 2006-1 | C14: =2枚目!B13 -> 7 | D14: =2枚目!C13 -> 2.1 | E14: =2枚目!D13 -> 30 | F14: =2枚目!E13 -> キャベツ | G14: =2枚目!F13 -> ①樹草勢回復肥料購入 | H14: =2枚目!G13 -> 3
A15: 2 | B15: =2枚目!A14 -> 〃 2006-7 | C15: =2枚目!B14 -> 5 | D15: =2枚目!C14 -> 1.5 | E15: =2枚目!D14 -> 30 | F15: =2枚目!E14 -> キャベツ | G15: =2枚目!F14 -> ①樹草勢回復肥料購入 | H15: =2枚目!G14 -> 3
A16: 2 | B16: =2枚目!A15 -> 〃 2008-1 | C16: =2枚目!B15 -> 10 | D16: =2枚目!C15 -> 3 | E16: =2枚目!D15 -> 30 | F16: =2枚目!E15 -> キャベツ | G16: =2枚目!F15 -> ①樹草勢回復肥料購入 | H16: =2枚目!G15 -> 6
A17: 2 | B17: =2枚目!A16 -> 〃 2008-2 | C17: =2枚目!B16 -> 22 | D17: =2枚目!C16 -> 6.6 | E17: =2枚目!D16 -> 30 | F17: =2枚目!E16 -> キャベツ | G17: =2枚目!F16 -> ①樹草勢回復肥料購入 | H17: =2枚目!G16 -> 10
A18: 2 | B18: =2枚目!A17 -> 〃 2004-1 | C18: =2枚目!B17 -> 6 | D18: =2枚目!C17 -> 1.8 | E18: =2枚目!D17 -> 30 | F18: =2枚目!E17 -> キャベツ | G18: =2枚目!F17 -> ①樹草勢回復肥料購入 | H18: =2枚目!G17 -> 2
A19: 2 | B19: =2枚目!A18 -> 〃 2003-1 | C19: =2枚目!B18 -> 18 | D19: =2枚目!C18 -> 5.4 | E19: =2枚目!D18 -> 30 | F19: =2枚目!E18 -> キャベツ | G19: =2枚目!F18 -> ①樹草勢回復肥料購入 | H19: =2枚目!G18 -> 4
A20: 2 | B20: =2枚目!A19 -> 〃 2002-1 | C20: =2枚目!B19 -> 24 | D20: =2枚目!C19 -> 7.2 | E20: =2枚目!D19 -> 30 | F20: =2枚目!E19 -> キャベツ | G20: =2枚目!F19 -> ①樹草勢回復肥料購入 | H20: =2枚目!G19 -> 6
A21: 2 | B21: =2枚目!A20 -> 〃 1994 | C21: =2枚目!B20 -> 22 | D21: =2枚目!C20 -> 11 | E21: =2枚目!D20 -> 50 | F21: =2枚目!E20 -> キャベツ | G21: =2枚目!F20 -> ①樹草勢回復肥料購入 | H21: =2枚目!G20 -> 9
A22: 2 | B22: =2枚目!A21 -> 〃 1989-1 | C22: =2枚目!B21 -> 16 | D22: =2枚目!C21 -> 11.2 | E22: =2枚目!D21 -> 70 | F22: =2枚目!E21 -> キャベツ | G22: =2枚目!F21 -> ①樹草勢回復肥料購入 | H22: =2枚目!G21 -> 3
A23: 2 | B23: =2枚目!A22 -> 〃 1988 | C23: =2枚目!B22 -> 9 | D23: =2枚目!C22 -> 6.3 | E23: =2枚目!D22 -> 70 | F23: =2枚目!E22 -> キャベツ | G23: =2枚目!F22 -> ①樹草勢回復肥料購入 | H23: =2枚目!G22 -> 2
A24: 2 | B24: =2枚目!A23 -> 〃 1989 | C24: =2枚目!B23 -> 10 | D24: =2枚目!C23 -> 7 | E24: =2枚目!D23 -> 70 | F24: =2枚目!E23 -> キャベツ | G24: =2枚目!F23 -> ①樹草勢回復肥料購入 | H24: =2枚目!G23 -> 2
A25: 2 | B25: =2枚目!A24 -> 〃 1986 | C25: =2枚目!B24 -> 13 | D25: =2枚目!C24 -> 9.1 | E25: =2枚目!D24 -> 70 | F25: =2枚目!E24 -> キャベツ | G25: =2枚目!F24 -> ①樹草勢回復肥料購入 | H25: =2枚目!G24 -> 3
A26: 3 | B26: =3枚目!A13 -> 境町大歩 高水道南 437-2 | C26: =3枚目!B13 -> 21 | D26: =3枚目!C13 -> 6.3 | E26: =3枚目!D13 -> 30 | F26: =3枚目!E13 -> キャベツ | G26: =3枚目!F13 -> ①樹草勢回復肥料購入 | H26: =3枚目!G13 -> 5
A27: 3 | B27: =3枚目!A14 -> 〃 437-3 | C27: =3枚目!B14 -> 71 | D27: =3枚目!C14 -> 21.3 | E27: =3枚目!D14 -> 30 | F27: =3枚目!E14 -> キャベツ | G27: =3枚目!F14 -> ①樹草勢回復肥料購入 | H27: =3枚目!G14 -> 29
A28: 3 | B28: =3枚目!A15 -> 〃 432-1 | C28: =3枚目!B15 -> 28 | D28: =3枚目!C15 -> 8.4 | E28: =3枚目!D15 -> 30 | F28: =3枚目!E15 -> 白菜 | G28: =3枚目!F15 -> ①樹草勢回復肥料購入 | H28: =3枚目!G15 -> 5
A29: 3 | B29: =3枚目!A16 -> 〃 432-2 | C29: =3枚目!B16 -> 9 | D29: =3枚目!C16 -> 2.7 | E29: =3枚目!D16 -> 30 | F29: =3枚目!E16 -> 白菜 | G29: =3枚目!F16 -> ①樹草勢回復肥料購入 | H29: =3枚目!G16 -> 2
A30: 3 | B30: =3枚目!A17 -> 〃 432-3 | C30: =3枚目!B17 -> 4 | D30: =3枚目!C17 -> 1.2 | E30: =3枚目!D17 -> 30 | F30: =3枚目!E17 -> 白菜 | G30: =3枚目!F17 -> ①樹草勢回復肥料購入 | H30: =3枚目!G17 -> 1
A31: 3 | B31: =3枚目!A18 -> 〃 431 | C31: =3枚目!B18 -> 1 | D31: =3枚目!C18 -> 0.3 | E31: =3枚目!D18 -> 30 | F31: =3枚目!E18 -> 白菜 | G31: =3枚目!F18 -> ①樹草勢回復肥料購入 | H31: =3枚目!G18 -> 1
A32: 3 | B32: =3枚目!A19 -> 〃 427-1 | C32: =3枚目!B19 -> 27 | D32: =3枚目!C19 -> 8.1 | E32: =3枚目!D19 -> 30 | F32: =3枚目!E19 -> 白菜 | G32: =3枚目!F19 -> ①樹草勢回復肥料購入 | H32: =3枚目!G19 -> 5
A33: 3 | B33: =3枚目!A20 -> 境町大歩新橋 1911-1 | C33: =3枚目!B20 -> 10 | D33: =3枚目!C20 -> 3 | E33: =3枚目!D20 -> 30 | F33: =3枚目!E20 -> 白菜 | G33: =3枚目!F20 -> ①樹草勢回復肥料購入 | H33: =3枚目!G20 -> 2
B34: 合計 | C34: =SUM(C2:C33) -> 604 | D34: =SUM(D2:D33) -> 231.2 | H34: =SUM(H2:H33) -> 165
B36: ※「うち被害面積」は 面積×被災割合 で自動計算（手書き票では空欄）。「対応経費」は手書きの数字をそのまま転記。
